{"global_step": 0, "_timestamp": 1669075310.679584, "_runtime": 4.670967102050781, "_step": 0, "_wandb": {"runtime": 7}}