{"global_step": 0, "_timestamp": 1669087910.7150376, "_runtime": 5.543273687362671, "_step": 0, "_wandb": {"runtime": 1}}