{"global_step": 793779, "_timestamp": 1669087599.4281023, "_runtime": 4748.301117181778, "_step": 1899, "charts/return_per_episode": 13.243340492248535, "charts/length_per_episode": 764.0, "charts/learning_rate": 0.00018135245773009956, "losses/value_loss": 0.06937228888273239, "losses/policy_loss": -0.07344882935285568, "losses/entropy": -3.966254234313965, "losses/old_approx_kl": 0.010096698999404907, "losses/approx_kl": 0.12554004788398743, "losses/frac_clip": 0.593017578125, "losses/explained_variance": 0.11316990852355957, "charts/time": 167.0, "_wandb": {"runtime": 4750}}