{"global_step": 0, "_timestamp": 1669080273.439379, "_runtime": 5.72796106338501, "_step": 0, "_wandb": {"runtime": 17}}