{"global_step": 0, "_timestamp": 1669076479.507586, "_runtime": 5.737315893173218, "_step": 0, "_wandb": {"runtime": 9}}