{"global_step": 0, "_timestamp": 1669087963.7415183, "_runtime": 2.7472331523895264, "_step": 0, "_wandb": {"runtime": 2}}