{"global_step": 98304, "_timestamp": 1669088690.4983728, "_runtime": 708.4404628276825, "_step": 273, "charts/return_per_episode": 1.4226393699645996, "charts/length_per_episode": 206.0, "charts/learning_rate": 6.24999984211172e-06, "losses/value_loss": 0.012805190868675709, "losses/policy_loss": -0.04270072281360626, "losses/entropy": 9.73920726776123, "losses/old_approx_kl": 0.012310639023780823, "losses/approx_kl": 0.00607714056968689, "losses/frac_clip": 0.02333984337747097, "losses/explained_variance": 0.5061228275299072, "charts/time": 139.0, "_wandb": {"runtime": 707}}