{"global_step": 99, "_timestamp": 1666244612.980087, "test_loss": 198.0, "_runtime": 5.866243124008179, "_step": 99, "_wandb": {"runtime": 5}}