{"global_step": 0, "_timestamp": 1666244227.627794, "_runtime": 5.867680072784424, "_step": 0, "_wandb": {"runtime": 5}}