{"videos": {"_type": "video-file", "sha256": "83160f457a71698d3b401f5d6068a8216aa15f2758be5eef689dec08dd1a32dd", "size": 4035, "path": "media/videos/videos_5_83160f457a71698d3b40.mp4"}, "_timestamp": 1669077859.8668778, "_runtime": 28.904794692993164, "_step": 755, "global_step": 24576, "charts/return_per_episode": 37.0, "charts/length_per_episode": 37.0, "charts/learning_rate": 2.0833333564951317e-06, "losses/value_loss": 61.15571975708008, "losses/policy_loss": -2.7548521757125854e-05, "losses/entropy": 0.6528540849685669, "losses/old_approx_kl": -5.5406708270311356e-06, "losses/approx_kl": 4.44706529378891e-08, "losses/frac_clip": 0.0, "losses/explained_variance": 0.021680891513824463, "charts/SPS": 1054.0, "_wandb": {"runtime": 28}}