{"videos": {"_type": "video-file", "sha256": "5b2238f6741463e5638e801ec3a479a5b4061992de62867bce29b6b7737208fb", "size": 3070909, "path": "media/videos/videos_12_5b2238f6741463e5638e.mp4"}, "_timestamp": 1669081859.810997, "_runtime": 5298.817548036575, "_step": 4199, "global_step": 1998848, "charts/return_per_episode": 1796.0352783203125, "charts/length_per_episode": 1000.0, "charts/learning_rate": 3.0737703582417453e-07, "losses/value_loss": 30.708438873291016, "losses/policy_loss": -0.007384493947029114, "losses/entropy": -14.873610496520996, "losses/old_approx_kl": 0.00017417967319488525, "losses/approx_kl": 0.000857936218380928, "losses/frac_clip": 0.0, "losses/explained_variance": 0.18395549058914185, "charts/SPS": 377.0, "_wandb": {"runtime": 5298}}