{"global_step": 99, "_timestamp": 1666245483.937187, "test_loss": 198.0, "_runtime": 5.974935054779053, "_step": 99, "_wandb": {"runtime": 6}}