{"global_step": 798720, "_timestamp": 1669083708.3040402, "_runtime": 2703.5715820789337, "_step": 1185, "charts/return_per_episode": 1384.8985595703125, "charts/length_per_episode": 1000.0, "charts/learning_rate": 7.692307804063603e-07, "losses/value_loss": 0.004639624152332544, "losses/policy_loss": -0.01197262853384018, "losses/entropy": -1.5118322372436523, "losses/old_approx_kl": -0.012639738619327545, "losses/approx_kl": 0.002192554995417595, "losses/frac_clip": 0.003662109375, "losses/explained_variance": 0.3889959454536438, "charts/SPS": 296.0, "_wandb": {"runtime": 2702}}