{"videos": {"_type": "video-file", "sha256": "89d77e1cf18f0ba447675ae3f3b10ce77375b49bd78f3c509c385bcfad504149", "size": 982244, "path": "media/videos/videos_14_89d77e1cf18f0ba44767.mp4"}, "_timestamp": 1669083039.784547, "_runtime": 5856.630429983139, "_step": 6717, "global_step": 1998848, "charts/return_per_episode": 66.82329559326172, "charts/length_per_episode": 59.0, "charts/learning_rate": 3.0737703582417453e-07, "losses/value_loss": 0.055446185171604156, "losses/policy_loss": -0.01922573894262314, "losses/entropy": -17.38208770751953, "losses/old_approx_kl": 0.00371648371219635, "losses/approx_kl": 0.0010888222604990005, "losses/frac_clip": 0.00019531250291038305, "losses/explained_variance": 0.5219511985778809, "charts/SPS": 341.0, "_wandb": {"runtime": 5855}}