{"videos": {"_type": "video-file", "sha256": "b41570273131c7ffccf5e701e05b1ce12f24249e4d23178af86376f8e171e20e", "size": 2524790, "path": "media/videos/videos_12_b41570273131c7ffccf5.mp4"}, "_timestamp": 1669092063.0133739, "_runtime": 2557.87522482872, "_step": 4186, "global_step": 1056811, "charts/return_per_episode": 3907.0703125, "charts/length_per_episode": 1000.0, "charts/learning_rate": 0.00014170081703923643, "losses/value_loss": 0.08650995790958405, "losses/policy_loss": -0.05848180875182152, "losses/entropy": -11.888993263244629, "losses/old_approx_kl": 0.35052013397216797, "losses/approx_kl": 0.8617522120475769, "losses/frac_clip": 0.752636730670929, "losses/explained_variance": 0.7042104005813599, "charts/time": 414.0}