{"global_step": 0, "_timestamp": 1669091478.1267402, "_runtime": 4.876706123352051, "_step": 0, "_wandb": {"runtime": 6}}