{"global_step": 0, "_timestamp": 1669080499.5977163, "_runtime": 2.925835371017456, "_step": 0, "_wandb": {"runtime": 2}}