{"global_step": 0, "_timestamp": 1669080519.8044248, "_runtime": 3.2006337642669678, "_step": 0, "_wandb": {"runtime": 2}}